纬度,经度,省份,城市,Pb,Zn
32.778524,111.615334,河南省,南阳市,0.01,0.02
