纬度,经度,省份,城市,Hg,Zn
29.062353,114.618432,江西省,九江市,0.04,0.05
